{"schema":5,"addons":[{"id":"langpack-en-GB@firefox.mozilla.org","icons":{"32":"https://addons.cdn.mozilla.net/static/img/addon-icons/default-32.png","64":"https://addons.cdn.mozilla.net/static/img/addon-icons/default-64.png","128":"https://addons.cdn.mozilla.net/static/img/addon-icons/default-128.png"},"name":"English (GB) Language Pack","version":"71.0buildid20191107101713","sourceURI":"https://addons.mozilla.org/firefox/downloads/file/3441816/english_gb_language_pack-71.0buildid20191107101713-fx.xpi?src=","homepageURL":null,"supportURL":null,"description":"English (GB) Language Pack","fullDescription":null,"weeklyDownloads":4204,"type":"locale","creator":{"name":"Mozilla","url":"https://addons.mozilla.org/en-US/firefox/user/4757633/"},"developers":[],"screenshots":[],"contributionURL":"","averageRating":3.4235,"reviewCount":215,"reviewURL":"https://addons.mozilla.org/en-US/firefox/addon/english-gb-language-pack/reviews/","updateDate":1573135523000},{"id":"langpack-en-CA@firefox.mozilla.org","icons":{"32":"https://addons.cdn.mozilla.net/static/img/addon-icons/default-32.png","64":"https://addons.cdn.mozilla.net/static/img/addon-icons/default-64.png","128":"https://addons.cdn.mozilla.net/static/img/addon-icons/default-128.png"},"name":"English (CA) Language Pack","version":"71.0buildid20191107101713","sourceURI":"https://addons.mozilla.org/firefox/downloads/file/3441811/english_ca_language_pack-71.0buildid20191107101713-fx.xpi?src=","homepageURL":null,"supportURL":null,"description":"Language pack for Firefox for en-CA","fullDescription":null,"weeklyDownloads":280,"type":"locale","creator":{"name":"Mozilla","url":"https://addons.mozilla.org/en-US/firefox/user/4757633/"},"developers":[],"screenshots":[],"contributionURL":"","averageRating":4.375,"reviewCount":2,"reviewURL":"https://addons.mozilla.org/en-US/firefox/addon/english-ca-language-pack/reviews/","updateDate":1573135520000}],"compatOverrides":[]}